{"stats":{"minecraft:custom":{"minecraft:open_chest":4,"minecraft:time_since_rest":19579,"minecraft:crouch_one_cm":2189,"minecraft:sprint_one_cm":48797,"minecraft:play_time":34578,"minecraft:deaths":2,"minecraft:damage_taken":290,"minecraft:walk_one_cm":33346,"minecraft:sneak_time":1139,"minecraft:walk_under_water_one_cm":32034,"minecraft:mob_kills":2,"minecraft:drop":4,"minecraft:jump":392,"minecraft:damage_dealt":130,"minecraft:leave_game":3,"minecraft:walk_on_water_one_cm":3611,"minecraft:time_since_death":19544,"minecraft:total_world_time":34578,"minecraft:swim_one_cm":28986,"minecraft:fall_one_cm":7547,"minecraft:fly_one_cm":381603,"minecraft:player_kills":1},"minecraft:picked_up":{"minecraft:ink_sac":3},"minecraft:killed":{"minecraft:squid":1,"minecraft:salmon":1},"minecraft:used":{"minecraft:torch":4,"minecraft:oak_sign":2,"minecraft:chest":1},"minecraft:mined":{"minecraft:seagrass":1},"minecraft:dropped":{"minecraft:ink_sac":3,"minecraft:netherite_axe":1}},"DataVersion":3465}