{"stats":{"minecraft:custom":{"minecraft:open_chest":4,"minecraft:time_since_rest":43579,"minecraft:crouch_one_cm":24847,"minecraft:sprint_one_cm":94123,"minecraft:play_time":58578,"minecraft:deaths":2,"minecraft:damage_taken":290,"minecraft:walk_one_cm":64405,"minecraft:sneak_time":9585,"minecraft:walk_under_water_one_cm":38700,"minecraft:mob_kills":2,"minecraft:drop":4,"minecraft:jump":624,"minecraft:damage_dealt":233,"minecraft:leave_game":3,"minecraft:walk_on_water_one_cm":4817,"minecraft:time_since_death":43544,"minecraft:total_world_time":58578,"minecraft:swim_one_cm":30897,"minecraft:fall_one_cm":7547,"minecraft:fly_one_cm":648557,"minecraft:player_kills":4},"minecraft:picked_up":{"minecraft:torch":1,"minecraft:ink_sac":3},"minecraft:killed":{"minecraft:player":3,"minecraft:squid":1,"minecraft:salmon":1},"minecraft:used":{"minecraft:netherite_sword":2,"minecraft:torch":4,"minecraft:oak_sign":2,"minecraft:chest":1},"minecraft:mined":{"minecraft:seagrass":1},"minecraft:dropped":{"minecraft:ink_sac":3,"minecraft:netherite_axe":1}},"DataVersion":3465}