{"stats":{"minecraft:custom":{"minecraft:open_chest":3,"minecraft:time_since_rest":7579,"minecraft:crouch_one_cm":633,"minecraft:sprint_one_cm":34867,"minecraft:play_time":22578,"minecraft:deaths":2,"minecraft:damage_taken":290,"minecraft:walk_one_cm":12306,"minecraft:sneak_time":609,"minecraft:walk_under_water_one_cm":32034,"minecraft:mob_kills":2,"minecraft:drop":3,"minecraft:jump":260,"minecraft:damage_dealt":130,"minecraft:leave_game":3,"minecraft:walk_on_water_one_cm":3611,"minecraft:time_since_death":7544,"minecraft:total_world_time":22578,"minecraft:swim_one_cm":28986,"minecraft:fall_one_cm":7547,"minecraft:fly_one_cm":304673},"minecraft:picked_up":{"minecraft:ink_sac":3},"minecraft:killed":{"minecraft:squid":1,"minecraft:salmon":1},"minecraft:used":{"minecraft:torch":4,"minecraft:oak_sign":2,"minecraft:chest":1},"minecraft:mined":{"minecraft:seagrass":1},"minecraft:dropped":{"minecraft:ink_sac":3}},"DataVersion":3465}