{"stats":{"minecraft:custom":{"minecraft:open_chest":4,"minecraft:time_since_rest":9625,"minecraft:crouch_one_cm":26214,"minecraft:sprint_one_cm":111895,"minecraft:play_time":114984,"minecraft:deaths":4,"minecraft:damage_taken":370,"minecraft:walk_one_cm":85306,"minecraft:sneak_time":11299,"minecraft:walk_under_water_one_cm":491239,"minecraft:mob_kills":2,"minecraft:drop":4,"minecraft:jump":816,"minecraft:damage_dealt":504,"minecraft:leave_game":4,"minecraft:walk_on_water_one_cm":8756,"minecraft:time_since_death":9595,"minecraft:total_world_time":114984,"minecraft:swim_one_cm":42657,"minecraft:talked_to_villager":2,"minecraft:fall_one_cm":12205,"minecraft:fly_one_cm":1250124,"minecraft:player_kills":4},"minecraft:picked_up":{"minecraft:salmon":2,"minecraft:torch":1,"minecraft:ink_sac":3},"minecraft:killed":{"minecraft:player":3,"minecraft:squid":1,"minecraft:salmon":1},"minecraft:used":{"minecraft:turtle_spawn_egg":2,"minecraft:netherite_sword":2,"minecraft:torch":4,"minecraft:rabbit_spawn_egg":19,"minecraft:cow_spawn_egg":28,"minecraft:villager_spawn_egg":22,"minecraft:oak_slab":6,"minecraft:chicken_spawn_egg":15,"minecraft:pig_spawn_egg":13,"minecraft:oak_planks":2,"minecraft:oak_sign":2,"minecraft:iron_golem_spawn_egg":3,"minecraft:chest":1,"minecraft:tropical_fish_spawn_egg":31,"minecraft:spider_spawn_egg":1,"minecraft:horse_spawn_egg":4},"minecraft:mined":{"minecraft:seagrass":1},"minecraft:dropped":{"minecraft:ink_sac":3,"minecraft:netherite_axe":1}},"DataVersion":3465}