{"stats":{"minecraft:killed":{"minecraft:squid":1,"minecraft:salmon":1},"minecraft:mined":{"minecraft:seagrass":1},"minecraft:custom":{"minecraft:time_since_rest":5015,"minecraft:crouch_one_cm":76,"minecraft:sprint_one_cm":17615,"minecraft:play_time":13532,"minecraft:walk_one_cm":5204,"minecraft:damage_taken":230,"minecraft:deaths":1,"minecraft:sneak_time":285,"minecraft:walk_under_water_one_cm":30286,"minecraft:mob_kills":2,"minecraft:drop":3,"minecraft:jump":129,"minecraft:damage_dealt":130,"minecraft:leave_game":1,"minecraft:time_since_death":4990,"minecraft:walk_on_water_one_cm":3467,"minecraft:total_world_time":13532,"minecraft:swim_one_cm":18970,"minecraft:fall_one_cm":3760,"minecraft:fly_one_cm":186735},"minecraft:picked_up":{"minecraft:ink_sac":3},"minecraft:dropped":{"minecraft:ink_sac":3}},"DataVersion":3465}