{"stats":{"minecraft:custom":{"minecraft:time_since_rest":27216,"minecraft:sprint_one_cm":167539,"minecraft:walk_one_cm":165858,"minecraft:damage_taken":500,"minecraft:mob_kills":10,"minecraft:drop":21,"minecraft:damage_dealt":2188,"minecraft:swim_one_cm":46019,"minecraft:talked_to_villager":2,"minecraft:fly_one_cm":1336851,"minecraft:player_kills":6,"minecraft:open_chest":5,"minecraft:crouch_one_cm":28317,"minecraft:play_time":132575,"minecraft:deaths":4,"minecraft:sneak_time":11383,"minecraft:walk_under_water_one_cm":491598,"minecraft:jump":1258,"minecraft:leave_game":4,"minecraft:walk_on_water_one_cm":9342,"minecraft:time_since_death":27186,"minecraft:total_world_time":132575,"minecraft:fall_one_cm":27421},"minecraft:picked_up":{"minecraft:wheat":1,"minecraft:feather":2,"minecraft:chicken":1,"minecraft:golden_carrot":11,"minecraft:salmon":2,"minecraft:torch":1,"minecraft:ink_sac":3,"minecraft:rabbit_foot":2,"minecraft:wheat_seeds":3,"minecraft:rabbit":1,"minecraft:egg":1},"minecraft:killed":{"minecraft:pig":2,"minecraft:chicken":3,"minecraft:salmon":1,"minecraft:rabbit":2,"minecraft:iron_golem":1,"minecraft:player":5,"minecraft:squid":1},"minecraft:used":{"minecraft:spider_spawn_egg":1,"minecraft:turtle_spawn_egg":2,"minecraft:netherite_sword":25,"minecraft:cow_spawn_egg":28,"minecraft:villager_spawn_egg":22,"minecraft:pig_spawn_egg":13,"minecraft:oak_planks":2,"minecraft:oak_sign":2,"minecraft:chicken_spawn_egg":15,"minecraft:iron_golem_spawn_egg":3,"minecraft:chest":1,"minecraft:tropical_fish_spawn_egg":31,"minecraft:horse_spawn_egg":4,"minecraft:torch":4,"minecraft:rabbit_spawn_egg":19,"minecraft:oak_slab":6},"minecraft:mined":{"minecraft:seagrass":1,"minecraft:wheat":1},"minecraft:dropped":{"minecraft:wheat_seeds":3,"minecraft:trident":1,"minecraft:golden_carrot":1,"minecraft:ink_sac":3,"minecraft:wheat":1,"minecraft:netherite_boots":1,"minecraft:rabbit":1,"minecraft:netherite_sword":1,"minecraft:netherite_helmet":1,"minecraft:netherite_chestplate":1,"minecraft:netherite_axe":1,"minecraft:chicken":1,"minecraft:feather":2,"minecraft:rabbit_foot":2,"minecraft:netherite_leggings":1}},"DataVersion":3465}