{"stats":{"minecraft:custom":{"minecraft:open_chest":4,"minecraft:time_since_rest":55579,"minecraft:crouch_one_cm":25469,"minecraft:sprint_one_cm":99931,"minecraft:play_time":70578,"minecraft:deaths":2,"minecraft:damage_taken":290,"minecraft:walk_one_cm":73294,"minecraft:sneak_time":10326,"minecraft:walk_under_water_one_cm":48041,"minecraft:mob_kills":2,"minecraft:drop":4,"minecraft:jump":680,"minecraft:damage_dealt":492,"minecraft:leave_game":3,"minecraft:walk_on_water_one_cm":5928,"minecraft:time_since_death":55544,"minecraft:total_world_time":70578,"minecraft:swim_one_cm":30897,"minecraft:fall_one_cm":7547,"minecraft:fly_one_cm":890172,"minecraft:player_kills":4},"minecraft:picked_up":{"minecraft:torch":1,"minecraft:ink_sac":3},"minecraft:killed":{"minecraft:player":3,"minecraft:squid":1,"minecraft:salmon":1},"minecraft:used":{"minecraft:netherite_sword":2,"minecraft:torch":4,"minecraft:oak_sign":2,"minecraft:chest":1},"minecraft:mined":{"minecraft:seagrass":1},"minecraft:dropped":{"minecraft:ink_sac":3,"minecraft:netherite_axe":1}},"DataVersion":3465}