{"stats":{"minecraft:custom":{"minecraft:open_chest":4,"minecraft:time_since_rest":18457,"minecraft:crouch_one_cm":25561,"minecraft:sprint_one_cm":106461,"minecraft:play_time":94578,"minecraft:deaths":3,"minecraft:damage_taken":330,"minecraft:walk_one_cm":77898,"minecraft:sneak_time":10591,"minecraft:walk_under_water_one_cm":326848,"minecraft:mob_kills":2,"minecraft:drop":4,"minecraft:jump":745,"minecraft:damage_dealt":492,"minecraft:leave_game":3,"minecraft:walk_on_water_one_cm":6567,"minecraft:time_since_death":18430,"minecraft:total_world_time":94578,"minecraft:swim_one_cm":36583,"minecraft:fall_one_cm":10115,"minecraft:fly_one_cm":1028340,"minecraft:player_kills":4},"minecraft:picked_up":{"minecraft:torch":1,"minecraft:ink_sac":3},"minecraft:killed":{"minecraft:player":3,"minecraft:squid":1,"minecraft:salmon":1},"minecraft:used":{"minecraft:netherite_sword":2,"minecraft:torch":4,"minecraft:oak_sign":2,"minecraft:chest":1},"minecraft:mined":{"minecraft:seagrass":1},"minecraft:dropped":{"minecraft:ink_sac":3,"minecraft:netherite_axe":1}},"DataVersion":3465}