{"stats":{"minecraft:custom":{"minecraft:open_chest":4,"minecraft:time_since_rest":1219,"minecraft:crouch_one_cm":25561,"minecraft:sprint_one_cm":110586,"minecraft:play_time":106578,"minecraft:deaths":4,"minecraft:damage_taken":370,"minecraft:walk_one_cm":78223,"minecraft:sneak_time":10607,"minecraft:walk_under_water_one_cm":483920,"minecraft:mob_kills":2,"minecraft:drop":4,"minecraft:jump":797,"minecraft:damage_dealt":504,"minecraft:leave_game":3,"minecraft:walk_on_water_one_cm":6941,"minecraft:time_since_death":1189,"minecraft:total_world_time":106578,"minecraft:swim_one_cm":41108,"minecraft:fall_one_cm":12205,"minecraft:fly_one_cm":1042397,"minecraft:player_kills":4},"minecraft:picked_up":{"minecraft:salmon":2,"minecraft:torch":1,"minecraft:ink_sac":3},"minecraft:killed":{"minecraft:player":3,"minecraft:squid":1,"minecraft:salmon":1},"minecraft:used":{"minecraft:netherite_sword":2,"minecraft:torch":4,"minecraft:oak_sign":2,"minecraft:chest":1},"minecraft:mined":{"minecraft:seagrass":1},"minecraft:dropped":{"minecraft:ink_sac":3,"minecraft:netherite_axe":1}},"DataVersion":3465}