{"stats":{"minecraft:custom":{"minecraft:open_chest":4,"minecraft:time_since_rest":31579,"minecraft:crouch_one_cm":17410,"minecraft:sprint_one_cm":74460,"minecraft:play_time":46578,"minecraft:deaths":2,"minecraft:damage_taken":290,"minecraft:walk_one_cm":53849,"minecraft:sneak_time":4879,"minecraft:walk_under_water_one_cm":36802,"minecraft:mob_kills":2,"minecraft:drop":4,"minecraft:jump":500,"minecraft:damage_dealt":160,"minecraft:leave_game":3,"minecraft:walk_on_water_one_cm":4644,"minecraft:time_since_death":31544,"minecraft:total_world_time":46578,"minecraft:swim_one_cm":30628,"minecraft:fall_one_cm":7547,"minecraft:fly_one_cm":450862,"minecraft:player_kills":3},"minecraft:picked_up":{"minecraft:ink_sac":3},"minecraft:killed":{"minecraft:player":2,"minecraft:squid":1,"minecraft:salmon":1},"minecraft:used":{"minecraft:torch":4,"minecraft:oak_sign":2,"minecraft:chest":1},"minecraft:mined":{"minecraft:seagrass":1},"minecraft:dropped":{"minecraft:ink_sac":3,"minecraft:netherite_axe":1}},"DataVersion":3465}