{"stats":{"minecraft:custom":{"minecraft:open_chest":1,"minecraft:time_since_rest":10570,"minecraft:crouch_one_cm":625,"minecraft:sprint_one_cm":79246,"minecraft:play_time":61132,"minecraft:deaths":3,"minecraft:damage_taken":788,"minecraft:walk_one_cm":116598,"minecraft:sneak_time":255,"minecraft:walk_under_water_one_cm":28669,"minecraft:mob_kills":2,"minecraft:jump":541,"minecraft:damage_dealt":443,"minecraft:leave_game":10,"minecraft:walk_on_water_one_cm":5825,"minecraft:time_since_death":10490,"minecraft:total_world_time":61132,"minecraft:swim_one_cm":269,"minecraft:fall_one_cm":12319,"minecraft:fly_one_cm":244106,"minecraft:player_kills":2},"minecraft:picked_up":{"minecraft:wheat_seeds":1,"minecraft:porkchop":3,"minecraft:dirt":4},"minecraft:killed":{"minecraft:horse":1,"minecraft:player":2,"minecraft:cow":1},"minecraft:killed_by":{"minecraft:iron_golem":1,"minecraft:player":2},"minecraft:used":{"minecraft:trident":2,"minecraft:netherite_boots":1,"minecraft:netherite_leggings":1,"minecraft:grass_block":1,"minecraft:porkchop":3,"minecraft:netherite_chestplate":1,"minecraft:netherite_helmet":1,"minecraft:netherite_sword":1},"minecraft:mined":{"minecraft:grass":2,"minecraft:grass_block":4}},"DataVersion":3465}