{"stats":{"minecraft:custom":{"minecraft:jump":23,"minecraft:damage_dealt":220,"minecraft:time_since_rest":5636,"minecraft:damage_taken":364,"minecraft:leave_game":4,"minecraft:time_since_death":5571,"minecraft:crouch_one_cm":89,"minecraft:play_time":8115,"minecraft:sprint_one_cm":2528,"minecraft:walk_one_cm":35321,"minecraft:walk_on_water_one_cm":58,"minecraft:deaths":1,"minecraft:sneak_time":11,"minecraft:total_world_time":8115,"minecraft:mob_kills":1,"minecraft:fly_one_cm":13114},"minecraft:killed":{"minecraft:horse":1},"minecraft:killed_by":{"minecraft:iron_golem":1}},"DataVersion":3465}