{"stats":{"minecraft:custom":{"minecraft:time_since_rest":24643,"minecraft:crouch_one_cm":625,"minecraft:sprint_one_cm":5731,"minecraft:play_time":37132,"minecraft:deaths":2,"minecraft:damage_taken":528,"minecraft:walk_one_cm":75594,"minecraft:sneak_time":233,"minecraft:walk_under_water_one_cm":28669,"minecraft:mob_kills":1,"minecraft:jump":128,"minecraft:damage_dealt":220,"minecraft:leave_game":10,"minecraft:walk_on_water_one_cm":5825,"minecraft:time_since_death":24560,"minecraft:total_world_time":37132,"minecraft:swim_one_cm":269,"minecraft:fall_one_cm":894,"minecraft:fly_one_cm":136616},"minecraft:picked_up":{"minecraft:porkchop":3},"minecraft:killed":{"minecraft:horse":1},"minecraft:killed_by":{"minecraft:iron_golem":1,"minecraft:player":1},"minecraft:used":{"minecraft:grass_block":1,"minecraft:porkchop":3}},"DataVersion":3465}