{"stats":{"minecraft:custom":{"minecraft:jump":44,"minecraft:damage_taken":494,"minecraft:time_since_rest":2236,"minecraft:leave_game":8,"minecraft:time_since_death":2153,"minecraft:crouch_one_cm":362,"minecraft:play_time":14725,"minecraft:sprint_one_cm":3702,"minecraft:walk_one_cm":44448,"minecraft:walk_on_water_one_cm":2164,"minecraft:deaths":2,"minecraft:sneak_time":164,"minecraft:total_world_time":14725,"minecraft:walk_under_water_one_cm":7218,"minecraft:mob_kills":1,"minecraft:swim_one_cm":17,"minecraft:fall_one_cm":209,"minecraft:fly_one_cm":34104,"minecraft:damage_dealt":220},"minecraft:killed":{"minecraft:horse":1},"minecraft:killed_by":{"minecraft:player":1,"minecraft:iron_golem":1},"minecraft:used":{"minecraft:grass_block":1}},"DataVersion":3465}