{"stats":{"minecraft:custom":{"minecraft:time_since_rest":4589,"minecraft:sprint_one_cm":157039,"minecraft:damage_taken":1234,"minecraft:walk_one_cm":137819,"minecraft:mob_kills":8,"minecraft:damage_dealt":1145,"minecraft:swim_one_cm":16245,"minecraft:fly_one_cm":344132,"minecraft:player_kills":2,"minecraft:open_chest":1,"minecraft:crouch_one_cm":723,"minecraft:play_time":78246,"minecraft:deaths":5,"minecraft:sneak_time":266,"minecraft:walk_under_water_one_cm":48944,"minecraft:jump":972,"minecraft:leave_game":11,"minecraft:walk_on_water_one_cm":11046,"minecraft:time_since_death":4535,"minecraft:total_world_time":78246,"minecraft:fall_one_cm":27521},"minecraft:picked_up":{"minecraft:netherite_boots":1,"minecraft:golden_carrot":128,"minecraft:salmon":6,"minecraft:porkchop":3,"minecraft:trident":1,"minecraft:netherite_leggings":1,"minecraft:dirt":6,"minecraft:netherite_helmet":1,"minecraft:wheat_seeds":5,"minecraft:netherite_sword":1,"minecraft:netherite_chestplate":1},"minecraft:killed":{"minecraft:horse":1,"minecraft:salmon":4,"minecraft:player":2,"minecraft:villager":2,"minecraft:cow":1},"minecraft:killed_by":{"minecraft:iron_golem":1,"minecraft:player":3},"minecraft:used":{"minecraft:trident":2,"minecraft:netherite_sword":16,"minecraft:grass_block":1,"minecraft:netherite_chestplate":1,"minecraft:netherite_boots":1,"minecraft:dirt":2,"minecraft:netherite_leggings":1,"minecraft:porkchop":3,"minecraft:netherite_helmet":1},"minecraft:mined":{"minecraft:seagrass":2,"minecraft:tall_seagrass":1,"minecraft:grass":19,"minecraft:grass_block":6,"minecraft:tall_grass":1}},"DataVersion":3465}