{"stats":{"minecraft:custom":{"minecraft:time_since_rest":36643,"minecraft:crouch_one_cm":625,"minecraft:sprint_one_cm":12795,"minecraft:play_time":49132,"minecraft:deaths":2,"minecraft:damage_taken":528,"minecraft:walk_one_cm":94061,"minecraft:sneak_time":233,"minecraft:walk_under_water_one_cm":28669,"minecraft:mob_kills":2,"minecraft:jump":202,"minecraft:damage_dealt":369,"minecraft:leave_game":10,"minecraft:walk_on_water_one_cm":5825,"minecraft:time_since_death":36560,"minecraft:total_world_time":49132,"minecraft:swim_one_cm":269,"minecraft:fall_one_cm":2357,"minecraft:fly_one_cm":158228,"minecraft:player_kills":1},"minecraft:picked_up":{"minecraft:wheat_seeds":1,"minecraft:porkchop":3},"minecraft:killed":{"minecraft:horse":1,"minecraft:player":1,"minecraft:cow":1},"minecraft:killed_by":{"minecraft:iron_golem":1,"minecraft:player":1},"minecraft:used":{"minecraft:grass_block":1,"minecraft:porkchop":3},"minecraft:mined":{"minecraft:grass":1}},"DataVersion":3465}