{"stats":{"minecraft:custom":{"minecraft:jump":81,"minecraft:damage_taken":494,"minecraft:time_since_rest":12643,"minecraft:leave_game":10,"minecraft:play_time":25132,"minecraft:crouch_one_cm":549,"minecraft:time_since_death":12560,"minecraft:sprint_one_cm":3943,"minecraft:walk_one_cm":66105,"minecraft:walk_on_water_one_cm":2164,"minecraft:deaths":2,"minecraft:sneak_time":188,"minecraft:total_world_time":25132,"minecraft:walk_under_water_one_cm":7218,"minecraft:mob_kills":1,"minecraft:swim_one_cm":17,"minecraft:fall_one_cm":209,"minecraft:fly_one_cm":109823,"minecraft:damage_dealt":220},"minecraft:picked_up":{"minecraft:porkchop":3},"minecraft:killed":{"minecraft:horse":1},"minecraft:killed_by":{"minecraft:player":1,"minecraft:iron_golem":1},"minecraft:used":{"minecraft:grass_block":1}},"DataVersion":3465}