{"stats":{"minecraft:custom":{"minecraft:time_since_rest":12764,"minecraft:sprint_one_cm":195426,"minecraft:damage_taken":1674,"minecraft:walk_one_cm":208035,"minecraft:mob_kills":15,"minecraft:drop":28,"minecraft:damage_dealt":2137,"minecraft:swim_one_cm":24451,"minecraft:fly_one_cm":405864,"minecraft:player_kills":3,"minecraft:open_chest":1,"minecraft:crouch_one_cm":723,"minecraft:play_time":96246,"minecraft:deaths":6,"minecraft:sneak_time":266,"minecraft:walk_under_water_one_cm":54160,"minecraft:jump":1260,"minecraft:leave_game":11,"minecraft:walk_on_water_one_cm":14185,"minecraft:time_since_death":12560,"minecraft:total_world_time":96246,"minecraft:fall_one_cm":36937},"minecraft:picked_up":{"minecraft:wheat":1,"minecraft:feather":2,"minecraft:netherite_boots":2,"minecraft:chicken":13,"minecraft:golden_carrot":134,"minecraft:salmon":12,"minecraft:leather":1,"minecraft:porkchop":3,"minecraft:ink_sac":7,"minecraft:trident":2,"minecraft:netherite_leggings":2,"minecraft:string":1,"minecraft:dirt":6,"minecraft:netherite_helmet":3,"minecraft:wheat_seeds":5,"minecraft:netherite_sword":2,"minecraft:rabbit_hide":1,"minecraft:beef":4,"minecraft:poppy":17,"minecraft:rabbit":1,"minecraft:netherite_chestplate":2,"minecraft:white_wool":1,"minecraft:egg":3},"minecraft:killed":{"minecraft:horse":1,"minecraft:chicken":1,"minecraft:salmon":8,"minecraft:rabbit":1,"minecraft:player":3,"minecraft:villager":2,"minecraft:cow":2},"minecraft:killed_by":{"minecraft:iron_golem":1,"minecraft:player":4},"minecraft:used":{"minecraft:trident":2,"minecraft:netherite_sword":52,"minecraft:grass_block":1,"minecraft:netherite_chestplate":2,"minecraft:netherite_boots":2,"minecraft:dirt":2,"minecraft:netherite_leggings":2,"minecraft:porkchop":3,"minecraft:netherite_helmet":2},"minecraft:mined":{"minecraft:seagrass":2,"minecraft:tall_seagrass":1,"minecraft:grass":25,"minecraft:grass_block":6,"minecraft:tall_grass":1},"minecraft:dropped":{"minecraft:poppy":17,"minecraft:chicken":11}},"DataVersion":3465}