{"stats":{"minecraft:custom":{"minecraft:time_since_rest":1459,"minecraft:sprint_one_cm":138291,"minecraft:damage_taken":1234,"minecraft:walk_one_cm":130513,"minecraft:mob_kills":7,"minecraft:damage_dealt":866,"minecraft:swim_one_cm":16245,"minecraft:player_kills":2,"minecraft:fly_one_cm":332876,"minecraft:open_chest":1,"minecraft:crouch_one_cm":723,"minecraft:play_time":75116,"minecraft:deaths":5,"minecraft:sneak_time":266,"minecraft:walk_under_water_one_cm":48944,"minecraft:jump":902,"minecraft:leave_game":11,"minecraft:time_since_death":1405,"minecraft:walk_on_water_one_cm":11046,"minecraft:total_world_time":75116,"minecraft:fall_one_cm":24566},"minecraft:picked_up":{"minecraft:netherite_boots":1,"minecraft:golden_carrot":128,"minecraft:salmon":6,"minecraft:porkchop":3,"minecraft:trident":1,"minecraft:netherite_leggings":1,"minecraft:dirt":6,"minecraft:netherite_helmet":1,"minecraft:wheat_seeds":1,"minecraft:netherite_sword":1,"minecraft:netherite_chestplate":1},"minecraft:killed":{"minecraft:horse":1,"minecraft:salmon":4,"minecraft:player":2,"minecraft:villager":1,"minecraft:cow":1},"minecraft:killed_by":{"minecraft:iron_golem":1,"minecraft:player":3},"minecraft:used":{"minecraft:netherite_sword":16,"minecraft:trident":2,"minecraft:grass_block":1,"minecraft:netherite_chestplate":1,"minecraft:netherite_boots":1,"minecraft:dirt":2,"minecraft:netherite_leggings":1,"minecraft:porkchop":3,"minecraft:netherite_helmet":1},"minecraft:mined":{"minecraft:seagrass":2,"minecraft:tall_seagrass":1,"minecraft:grass":2,"minecraft:grass_block":6,"minecraft:tall_grass":1}},"DataVersion":3465}