{"stats":{"minecraft:custom":{"minecraft:time_since_rest":51,"minecraft:sprint_one_cm":166872,"minecraft:damage_taken":1186,"minecraft:walk_one_cm":248572,"minecraft:mob_kills":35,"minecraft:drop":7,"minecraft:damage_dealt":4686,"minecraft:swim_one_cm":25604,"minecraft:talked_to_villager":4,"minecraft:fly_one_cm":205349,"minecraft:player_kills":2,"minecraft:open_chest":1,"minecraft:crouch_one_cm":2038,"minecraft:play_time":60004,"minecraft:deaths":4,"minecraft:sneak_time":709,"minecraft:walk_under_water_one_cm":8518,"minecraft:jump":1253,"minecraft:leave_game":3,"minecraft:walk_on_water_one_cm":9858,"minecraft:time_since_death":23,"minecraft:total_world_time":60004,"minecraft:fall_one_cm":37827},"minecraft:picked_up":{"minecraft:netherite_boots":1,"minecraft:wheat":1,"minecraft:feather":2,"minecraft:chicken":4,"minecraft:golden_carrot":127,"minecraft:salmon":4,"minecraft:leather":9,"minecraft:porkchop":24,"minecraft:ink_sac":10,"minecraft:trident":1,"minecraft:netherite_leggings":1,"minecraft:string":3,"minecraft:dirt":4,"minecraft:netherite_sword":1,"minecraft:rabbit_hide":3,"minecraft:beef":3,"minecraft:netherite_chestplate":1,"minecraft:rabbit":3,"minecraft:light_gray_wool":1,"minecraft:mutton":9,"minecraft:white_wool":2},"minecraft:killed":{"minecraft:horse":4,"minecraft:sheep":3,"minecraft:cat":1,"minecraft:pig":11,"minecraft:chicken":1,"minecraft:salmon":3,"minecraft:rabbit":1,"minecraft:player":2,"minecraft:villager":4,"minecraft:squid":5,"minecraft:cow":2},"minecraft:killed_by":{"minecraft:player":3},"minecraft:used":{"minecraft:netherite_sword":71,"minecraft:dirt":4,"minecraft:beef":1,"minecraft:porkchop":2},"minecraft:mined":{"minecraft:seagrass":5,"minecraft:tall_seagrass":4,"minecraft:grass":23,"minecraft:tall_grass":4},"minecraft:dropped":{"minecraft:ink_sac":3,"minecraft:wheat":1,"minecraft:chicken":3,"minecraft:leather":4}},"DataVersion":3465}