{"stats":{"minecraft:custom":{"minecraft:time_since_rest":31837,"minecraft:sprint_one_cm":152936,"minecraft:damage_taken":638,"minecraft:walk_one_cm":191145,"minecraft:mob_kills":34,"minecraft:drop":4,"minecraft:damage_dealt":4503,"minecraft:swim_one_cm":25604,"minecraft:talked_to_villager":4,"minecraft:fly_one_cm":194177,"minecraft:player_kills":2,"minecraft:open_chest":1,"minecraft:crouch_one_cm":1845,"minecraft:play_time":42004,"minecraft:deaths":2,"minecraft:sneak_time":673,"minecraft:walk_under_water_one_cm":8518,"minecraft:jump":1196,"minecraft:leave_game":3,"minecraft:walk_on_water_one_cm":9858,"minecraft:time_since_death":31803,"minecraft:total_world_time":42004,"minecraft:fall_one_cm":36119},"minecraft:picked_up":{"minecraft:feather":2,"minecraft:chicken":1,"minecraft:salmon":2,"minecraft:leather":7,"minecraft:porkchop":13,"minecraft:ink_sac":10,"minecraft:string":2,"minecraft:dirt":4,"minecraft:rabbit_hide":1,"minecraft:beef":3,"minecraft:rabbit":1,"minecraft:light_gray_wool":1,"minecraft:mutton":6,"minecraft:white_wool":2},"minecraft:killed":{"minecraft:horse":4,"minecraft:sheep":3,"minecraft:cat":1,"minecraft:pig":11,"minecraft:chicken":1,"minecraft:salmon":3,"minecraft:rabbit":1,"minecraft:player":2,"minecraft:villager":3,"minecraft:squid":5,"minecraft:cow":2},"minecraft:killed_by":{"minecraft:player":1},"minecraft:used":{"minecraft:netherite_sword":65,"minecraft:dirt":4,"minecraft:beef":1,"minecraft:porkchop":2},"minecraft:mined":{"minecraft:seagrass":5,"minecraft:tall_seagrass":4,"minecraft:grass":21,"minecraft:tall_grass":4},"minecraft:dropped":{"minecraft:ink_sac":3,"minecraft:leather":4}},"DataVersion":3465}