{"stats":{"minecraft:custom":{"minecraft:time_since_rest":13575,"minecraft:sprint_one_cm":82247,"minecraft:walk_one_cm":129614,"minecraft:damage_taken":326,"minecraft:mob_kills":24,"minecraft:drop":3,"minecraft:damage_dealt":3333,"minecraft:talked_to_villager":4,"minecraft:swim_one_cm":16831,"minecraft:fly_one_cm":82898,"minecraft:player_kills":1,"minecraft:open_chest":1,"minecraft:crouch_one_cm":1143,"minecraft:play_time":23742,"minecraft:deaths":2,"minecraft:sneak_time":242,"minecraft:walk_under_water_one_cm":4835,"minecraft:jump":602,"minecraft:leave_game":1,"minecraft:walk_on_water_one_cm":3987,"minecraft:time_since_death":13541,"minecraft:total_world_time":23742,"minecraft:fall_one_cm":16728},"minecraft:picked_up":{"minecraft:salmon":2,"minecraft:leather":1,"minecraft:porkchop":10,"minecraft:ink_sac":4,"minecraft:string":2,"minecraft:dirt":4,"minecraft:beef":3,"minecraft:light_gray_wool":1,"minecraft:mutton":4,"minecraft:white_wool":2},"minecraft:killed":{"minecraft:cat":1,"minecraft:sheep":3,"minecraft:horse":2,"minecraft:pig":8,"minecraft:salmon":3,"minecraft:player":1,"minecraft:villager":3,"minecraft:squid":2,"minecraft:cow":2},"minecraft:killed_by":{"minecraft:player":1},"minecraft:used":{"minecraft:netherite_sword":43,"minecraft:dirt":4,"minecraft:beef":1,"minecraft:porkchop":2},"minecraft:mined":{"minecraft:seagrass":5,"minecraft:tall_seagrass":4,"minecraft:grass":19,"minecraft:tall_grass":4},"minecraft:dropped":{"minecraft:ink_sac":3}},"DataVersion":3465}