{"stats":{"minecraft:custom":{"minecraft:time_since_rest":28290,"minecraft:sprint_one_cm":148219,"minecraft:damage_taken":628,"minecraft:walk_one_cm":176305,"minecraft:mob_kills":31,"minecraft:drop":4,"minecraft:damage_dealt":4193,"minecraft:swim_one_cm":25604,"minecraft:talked_to_villager":4,"minecraft:fly_one_cm":190178,"minecraft:player_kills":2,"minecraft:open_chest":1,"minecraft:crouch_one_cm":1787,"minecraft:play_time":38457,"minecraft:deaths":2,"minecraft:sneak_time":637,"minecraft:walk_under_water_one_cm":8084,"minecraft:jump":1170,"minecraft:leave_game":3,"minecraft:walk_on_water_one_cm":9841,"minecraft:time_since_death":28256,"minecraft:total_world_time":38457,"minecraft:fall_one_cm":35035},"minecraft:picked_up":{"minecraft:salmon":2,"minecraft:leather":5,"minecraft:porkchop":13,"minecraft:ink_sac":10,"minecraft:string":2,"minecraft:dirt":4,"minecraft:beef":3,"minecraft:light_gray_wool":1,"minecraft:mutton":6,"minecraft:white_wool":2},"minecraft:killed":{"minecraft:horse":3,"minecraft:sheep":3,"minecraft:cat":1,"minecraft:pig":11,"minecraft:salmon":3,"minecraft:player":2,"minecraft:villager":3,"minecraft:squid":5,"minecraft:cow":2},"minecraft:killed_by":{"minecraft:player":1},"minecraft:used":{"minecraft:netherite_sword":60,"minecraft:dirt":4,"minecraft:beef":1,"minecraft:porkchop":2},"minecraft:mined":{"minecraft:seagrass":5,"minecraft:tall_seagrass":4,"minecraft:grass":21,"minecraft:tall_grass":4},"minecraft:dropped":{"minecraft:ink_sac":3,"minecraft:leather":4}},"DataVersion":3465}