{"stats":{"minecraft:custom":{"minecraft:open_chest":1,"minecraft:time_since_rest":1575,"minecraft:crouch_one_cm":751,"minecraft:play_time":11742,"minecraft:sprint_one_cm":30504,"minecraft:damage_taken":272,"minecraft:walk_one_cm":63589,"minecraft:deaths":2,"minecraft:sneak_time":145,"minecraft:walk_under_water_one_cm":2493,"minecraft:mob_kills":8,"minecraft:drop":2,"minecraft:jump":276,"minecraft:damage_dealt":863,"minecraft:leave_game":1,"minecraft:time_since_death":1541,"minecraft:walk_on_water_one_cm":1032,"minecraft:total_world_time":11742,"minecraft:swim_one_cm":8903,"minecraft:fall_one_cm":7034,"minecraft:fly_one_cm":28888},"minecraft:picked_up":{"minecraft:leather":1,"minecraft:beef":2,"minecraft:porkchop":2,"minecraft:ink_sac":2,"minecraft:light_gray_wool":1,"minecraft:mutton":3,"minecraft:white_wool":1},"minecraft:killed":{"minecraft:sheep":2,"minecraft:horse":1,"minecraft:pig":1,"minecraft:villager":1,"minecraft:squid":1,"minecraft:cow":1,"minecraft:salmon":1},"minecraft:killed_by":{"minecraft:player":1},"minecraft:used":{"minecraft:beef":1,"minecraft:porkchop":2},"minecraft:mined":{"minecraft:grass":15,"minecraft:seagrass":4,"minecraft:tall_seagrass":3,"minecraft:tall_grass":4},"minecraft:dropped":{"minecraft:ink_sac":2}},"DataVersion":3465}