{"stats":{"minecraft:custom":{"minecraft:time_since_rest":2024,"minecraft:sprint_one_cm":105404,"minecraft:damage_taken":3085,"minecraft:walk_one_cm":132751,"minecraft:mob_kills":6,"minecraft:drop":6,"minecraft:damage_dealt":1609,"minecraft:swim_one_cm":45660,"minecraft:fly_one_cm":141793,"minecraft:open_chest":4,"minecraft:crouch_one_cm":24434,"minecraft:play_time":67725,"minecraft:deaths":13,"minecraft:sneak_time":17406,"minecraft:walk_under_water_one_cm":50629,"minecraft:jump":669,"minecraft:leave_game":1,"minecraft:walk_on_water_one_cm":1430,"minecraft:time_since_death":1956,"minecraft:total_world_time":67725,"minecraft:fall_one_cm":21483},"minecraft:picked_up":{"minecraft:chicken":1,"minecraft:salmon":1,"minecraft:leather":6,"minecraft:torch":2,"minecraft:sand":4,"minecraft:porkchop":1,"minecraft:ink_sac":2,"minecraft:dirt":3,"minecraft:beef":10,"minecraft:netherite_axe":6,"minecraft:poppy":1,"minecraft:mutton":2,"minecraft:white_wool":1,"minecraft:egg":6},"minecraft:killed":{"minecraft:chicken":1,"minecraft:salmon":1,"minecraft:iron_golem":1,"minecraft:villager":1,"minecraft:squid":1,"minecraft:cow":1},"minecraft:killed_by":{"minecraft:iron_golem":1,"minecraft:panda":1,"minecraft:ravager":1,"minecraft:warden":4,"minecraft:player":4},"minecraft:used":{"minecraft:netherite_sword":1,"minecraft:netherite_chestplate":1,"minecraft:netherite_axe":13,"minecraft:bread":1,"minecraft:netherite_boots":1,"minecraft:torch":1,"minecraft:dirt":3,"minecraft:sand":4,"minecraft:beef":2,"minecraft:netherite_leggings":1,"minecraft:netherite_helmet":1},"minecraft:mined":{"minecraft:fire":1,"minecraft:grass":14,"minecraft:grass_block":3,"minecraft:poppy":1,"minecraft:sand":4,"minecraft:wall_torch":1},"minecraft:dropped":{"minecraft:torch":1,"minecraft:egg":5},"minecraft:crafted":{"minecraft:black_dye":2}},"DataVersion":3465}