{"stats":{"minecraft:custom":{"minecraft:time_since_rest":4220,"minecraft:sprint_one_cm":85857,"minecraft:damage_taken":2585,"minecraft:walk_one_cm":110077,"minecraft:mob_kills":4,"minecraft:drop":1,"minecraft:damage_dealt":1449,"minecraft:swim_one_cm":9749,"minecraft:fly_one_cm":103796,"minecraft:open_chest":1,"minecraft:crouch_one_cm":11825,"minecraft:play_time":31725,"minecraft:deaths":11,"minecraft:sneak_time":2881,"minecraft:walk_under_water_one_cm":16966,"minecraft:jump":473,"minecraft:leave_game":1,"minecraft:walk_on_water_one_cm":1081,"minecraft:time_since_death":4159,"minecraft:total_world_time":31725,"minecraft:fall_one_cm":13739},"minecraft:picked_up":{"minecraft:leather":6,"minecraft:torch":2,"minecraft:sand":4,"minecraft:porkchop":1,"minecraft:dirt":1,"minecraft:beef":10,"minecraft:netherite_axe":6,"minecraft:poppy":1,"minecraft:mutton":2,"minecraft:white_wool":1},"minecraft:killed":{"minecraft:iron_golem":1,"minecraft:villager":1,"minecraft:squid":1,"minecraft:cow":1},"minecraft:killed_by":{"minecraft:iron_golem":1,"minecraft:panda":1,"minecraft:ravager":1,"minecraft:warden":4,"minecraft:player":3},"minecraft:used":{"minecraft:netherite_axe":13,"minecraft:bread":1,"minecraft:torch":1,"minecraft:dirt":1,"minecraft:sand":4,"minecraft:beef":2},"minecraft:mined":{"minecraft:fire":1,"minecraft:grass":11,"minecraft:grass_block":1,"minecraft:poppy":1,"minecraft:sand":4,"minecraft:wall_torch":1},"minecraft:dropped":{"minecraft:torch":1}},"DataVersion":3465}