{"stats":{"minecraft:custom":{"minecraft:time_since_rest":615,"minecraft:crouch_one_cm":1257,"minecraft:play_time":11551,"minecraft:sprint_one_cm":27543,"minecraft:deaths":5,"minecraft:damage_taken":1371,"minecraft:walk_one_cm":43709,"minecraft:sneak_time":455,"minecraft:walk_under_water_one_cm":16460,"minecraft:mob_kills":4,"minecraft:jump":173,"minecraft:damage_dealt":1409,"minecraft:walk_on_water_one_cm":884,"minecraft:time_since_death":586,"minecraft:total_world_time":11551,"minecraft:swim_one_cm":4111,"minecraft:fall_one_cm":5283,"minecraft:fly_one_cm":30681},"minecraft:picked_up":{"minecraft:leather":6,"minecraft:beef":8,"minecraft:sand":4,"minecraft:netherite_axe":5,"minecraft:mutton":2,"minecraft:white_wool":1,"minecraft:dirt":1},"minecraft:killed":{"minecraft:iron_golem":1,"minecraft:villager":1,"minecraft:squid":1,"minecraft:cow":1},"minecraft:killed_by":{"minecraft:iron_golem":1,"minecraft:warden":3,"minecraft:player":1},"minecraft:used":{"minecraft:dirt":1,"minecraft:sand":4,"minecraft:beef":1,"minecraft:netherite_axe":13},"minecraft:mined":{"minecraft:grass":3,"minecraft:grass_block":1,"minecraft:sand":4}},"DataVersion":3465}