{"stats":{"minecraft:custom":{"minecraft:time_since_rest":5986,"minecraft:sprint_one_cm":126617,"minecraft:damage_taken":3404,"minecraft:walk_one_cm":145428,"minecraft:mob_kills":46,"minecraft:drop":15,"minecraft:damage_dealt":3413,"minecraft:swim_one_cm":66856,"minecraft:player_kills":1,"minecraft:fly_one_cm":416996,"minecraft:open_chest":4,"minecraft:crouch_one_cm":24470,"minecraft:play_time":81114,"minecraft:deaths":14,"minecraft:sneak_time":18067,"minecraft:walk_under_water_one_cm":82767,"minecraft:jump":836,"minecraft:leave_game":2,"minecraft:walk_on_water_one_cm":5210,"minecraft:time_since_death":5954,"minecraft:total_world_time":81114,"minecraft:fall_one_cm":27623},"minecraft:picked_up":{"minecraft:golden_carrot":192,"minecraft:chicken":1,"minecraft:salmon":19,"minecraft:leather":10,"minecraft:torch":2,"minecraft:sand":4,"minecraft:porkchop":1,"minecraft:ink_sac":5,"minecraft:trident":1,"minecraft:string":1,"minecraft:netherite_leggings":2,"minecraft:dirt":3,"minecraft:netherite_helmet":1,"minecraft:netherite_sword":2,"minecraft:beef":24,"minecraft:bone_meal":1,"minecraft:netherite_axe":6,"minecraft:poppy":1,"minecraft:netherite_chestplate":2,"minecraft:mutton":4,"minecraft:white_wool":1,"minecraft:egg":6},"minecraft:killed":{"minecraft:cat":1,"minecraft:sheep":2,"minecraft:pig":3,"minecraft:chicken":1,"minecraft:salmon":28,"minecraft:iron_golem":1,"minecraft:bat":3,"minecraft:player":1,"minecraft:villager":1,"minecraft:squid":2,"minecraft:cow":4},"minecraft:killed_by":{"minecraft:iron_golem":1,"minecraft:panda":1,"minecraft:ravager":1,"minecraft:warden":4,"minecraft:player":5},"minecraft:used":{"minecraft:trident":1,"minecraft:netherite_sword":56,"minecraft:netherite_chestplate":2,"minecraft:netherite_axe":13,"minecraft:bread":1,"minecraft:netherite_boots":1,"minecraft:torch":1,"minecraft:dirt":3,"minecraft:sand":4,"minecraft:beef":2,"minecraft:netherite_leggings":2,"minecraft:netherite_helmet":1},"minecraft:mined":{"minecraft:seagrass":1,"minecraft:fire":1,"minecraft:grass":15,"minecraft:grass_block":3,"minecraft:poppy":1,"minecraft:sand":4,"minecraft:tall_grass":1,"minecraft:wall_torch":1},"minecraft:dropped":{"minecraft:trident":1,"minecraft:golden_carrot":128,"minecraft:torch":1,"minecraft:netherite_sword":1,"minecraft:netherite_helmet":1,"minecraft:netherite_chestplate":1,"minecraft:netherite_boots":1,"minecraft:netherite_leggings":1,"minecraft:egg":5},"minecraft:crafted":{"minecraft:black_dye":2}},"DataVersion":3465}