{"stats":{"minecraft:custom":{"minecraft:time_since_rest":18002,"minecraft:sprint_one_cm":95642,"minecraft:damage_taken":2775,"minecraft:walk_one_cm":124248,"minecraft:mob_kills":5,"minecraft:drop":1,"minecraft:damage_dealt":1479,"minecraft:swim_one_cm":45660,"minecraft:fly_one_cm":125639,"minecraft:open_chest":1,"minecraft:crouch_one_cm":13288,"minecraft:play_time":55725,"minecraft:deaths":12,"minecraft:sneak_time":7790,"minecraft:walk_under_water_one_cm":50629,"minecraft:jump":564,"minecraft:leave_game":1,"minecraft:walk_on_water_one_cm":1430,"minecraft:time_since_death":17969,"minecraft:total_world_time":55725,"minecraft:fall_one_cm":16154},"minecraft:picked_up":{"minecraft:salmon":1,"minecraft:leather":6,"minecraft:torch":2,"minecraft:sand":4,"minecraft:porkchop":1,"minecraft:ink_sac":2,"minecraft:dirt":3,"minecraft:beef":10,"minecraft:netherite_axe":6,"minecraft:poppy":1,"minecraft:mutton":2,"minecraft:white_wool":1},"minecraft:killed":{"minecraft:salmon":1,"minecraft:iron_golem":1,"minecraft:villager":1,"minecraft:squid":1,"minecraft:cow":1},"minecraft:killed_by":{"minecraft:iron_golem":1,"minecraft:panda":1,"minecraft:ravager":1,"minecraft:warden":4,"minecraft:player":3},"minecraft:used":{"minecraft:netherite_axe":13,"minecraft:bread":1,"minecraft:torch":1,"minecraft:dirt":3,"minecraft:sand":4,"minecraft:beef":2},"minecraft:mined":{"minecraft:fire":1,"minecraft:grass":11,"minecraft:grass_block":3,"minecraft:poppy":1,"minecraft:sand":4,"minecraft:wall_torch":1},"minecraft:dropped":{"minecraft:torch":1}},"DataVersion":3465}